"StartDevice","EndDevice"
"mwh01-0100-0001-01sw","mwh01-0100-0002-01sw"
"ibr02.pdx30","ear04.pdx30"
"ibr04.mwh01","ibr01.mwh01"
"mwh01-0100-0004-01sw","pdx30-0100-0002-01sw"
"icr04.mwh01","mwh01-0100-0004-01sw"
"ibr02.pdx30","ear03.pdx30"
"ibr01.pdx30","ear04.pdx30"
"mwh01-0100-0003-01sw","pdx30-0100-0001-01sw"
"icr03.mwh01","mwh01-0100-0003-01sw"
"mwh01-0100-0002-01sw","icr02.mwh01"
"ibr01.mwh01","ibr02.mwh01"
"pdx30-0100-0002-01sw","mwh01-0100-0004-01sw"
"ibr03.mwh01","ibr04.mwh01"
"ibr04.mwh01","icr03.mwh01"
"mwh01-0100-0004-01sw","pdx30-0100-0002-01sw"
"ibr01.pdx30","ear03.pdx30"
"mwh01-0100-0001-01sw","mwh01-0100-0004-01sw"
"ibr04.mwh01","ibr01.mwh01"
"ibr02.pdx30","ear03.pdx30"
"ibr01.pdx30","ibr02.pdx30"
"pdx30-0100-0002-01sw","mwh01-0100-0004-01sw"
"mwh01-0100-0001-01sw","icr01.mwh01"
"icr08.mwh01","mwh01-0100-0003-01sw"
"icr03.mwh01","mwh01-0100-0004-01sw"
"pdx30-0100-0002-01sw","mwh01-0100-0004-01sw"
"mwh01-0100-0003-01sw","mwh01-0100-0004-01sw"
"pdx30-0100-0002-01sw","mwh01-0100-0004-01sw"
"mwh01-0100-0001-01sw","mwh01-0100-0002-01sw"
"mwh01-0100-0001-01sw","mwh01-0100-0002-01sw"
"mwh01-0100-0003-01sw","pdx30-0100-0001-01sw"
"icr06.mwh01","mwh01-0100-0002-01sw"
"ibr02.mwh01","icr01.mwh01"
"ibr02.pdx30","ear03.pdx30"
"mwh01-0100-0003-01sw","pdx30-0100-0001-01sw"
"ibr03.mwh01","ibr01.pdx30"
"mwh01-0100-0003-01sw","mwh01-0100-0004-01sw"
"ibr04.mwh01","ibr01.mwh01"
"icr07.mwh01","ibr04.mwh01"
"pdx30-0100-0001-01sw","pdx30-0100-0002-01sw"
"pdx30-0100-0002-01sw","mwh01-0100-0004-01sw"
"icr08.mwh01","ibr04.mwh01"
"mwh01-0100-0001-01sw","icr02.mwh01"
"mwh01-0100-0003-01sw","pdx30-0100-0001-01sw"
"icr07.mwh01","mwh01-0100-0003-01sw"
"mwh01-0100-0003-01sw","pdx30-0100-0001-01sw"
"mwh01-0100-0001-01sw","mwh01-0100-0004-01sw"
"ibr02.pdx30","ibr04.mwh01"
"icr08.mwh01","mwh01-0100-0003-01sw"
"ibr04.mwh01","ibr02.pdx30"
"ibr04.mwh01","ibr02.pdx30"
"mwh01-0100-0001-01sw","mwh01-0100-0002-01sw"
"mwh01-0100-0001-01sw","mwh01-0100-0002-01sw"
"ibr01.pdx30","ibr02.pdx30"
"mwh01-0100-0003-01sw","pdx30-0100-0001-01sw"
"mwh01-0100-0003-01sw","pdx30-0100-0001-01sw"
"ibr02.mwh01","ibr03.mwh01"
"ibr01.pdx30","ear04.pdx30"
"ibr04.mwh01","ibr02.pdx30"
"ibr04.mwh01","ibr02.pdx30"
"icr07.mwh01","mwh01-0100-0004-01sw"
"ibr04.mwh01","ibr02.pdx30"
"ibr01.pdx30","ear04.pdx30"
"icr08.mwh01","mwh01-0100-0003-01sw"
"icr08.mwh01","ibr03.mwh01"
"ibr01.pdx30","ear03.pdx30"
"mwh01-0100-0003-01sw","pdx30-0100-0001-01sw"
"mwh01-0100-0003-01sw","pdx30-0100-0001-01sw"
"ibr01.pdx30","ear04.pdx30"
"mwh01-0100-0002-01sw","icr01.mwh01"
"pdx30-0100-0002-01sw","mwh01-0100-0004-01sw"
"ibr04.mwh01","icr04.mwh01"
"icr06.mwh01","ibr02.mwh01"
"icr08.mwh01","mwh01-0100-0004-01sw"
"ibr02.pdx30","ear04.pdx30"
"mwh01-0100-0003-01sw","pdx30-0100-0001-01sw"
"ibr03.mwh01","ibr01.pdx30"
"icr08.mwh01","ibr04.mwh01"
"ibr04.mwh01","ibr01.mwh01"
"ibr01.pdx30","ear03.pdx30"
"icr07.mwh01","mwh01-0100-0003-01sw"
"icr03.mwh01","mwh01-0100-0004-01sw"
"mwh01-0100-0003-01sw","pdx30-0100-0001-01sw"
"mwh01-0100-0003-01sw","pdx30-0100-0001-01sw"
"ibr03.mwh01","ibr04.mwh01"
"ibr02.mwh01","ibr03.mwh01"
"icr06.mwh01","ibr01.mwh01"
"pdx30-0100-0002-01sw","mwh01-0100-0004-01sw"
"mwh01-0100-0004-01sw","pdx30-0100-0002-01sw"
"ibr01.pdx30","ear03.pdx30"
"icr07.mwh01","ibr03.mwh01"
"mwh01-0100-0003-01sw","pdx30-0100-0001-01sw"
"icr06.mwh01","mwh01-0100-0001-01sw"
"icr05.mwh01","mwh01-0100-0001-01sw"
"ibr02.pdx30","ear03.pdx30"
"mwh01-0100-0003-01sw","mwh01-0100-0004-01sw"
"icr08.mwh01","ibr03.mwh01"
"ibr02.mwh01","icr02.mwh01"
"ibr02.pdx30","ibr04.mwh01"
"ibr04.mwh01","ibr02.pdx30"
"mwh01-0100-0002-01sw","mwh01-0100-0003-01sw"
"icr06.mwh01","mwh01-0100-0002-01sw"
"icr05.mwh01","ibr02.mwh01"
"ibr01.mwh01","ibr02.mwh01"
"ibr04.mwh01","ibr02.pdx30"
"mwh01-0100-0001-01sw","mwh01-0100-0002-01sw"
"ibr03.mwh01","ibr01.pdx30"
"mwh01-0100-0004-01sw","pdx30-0100-0002-01sw"
"ibr02.mwh01","ibr03.mwh01"
"icr08.mwh01","mwh01-0100-0004-01sw"
"ibr02.pdx30","ear04.pdx30"
"ibr03.mwh01","icr03.mwh01"
"ibr02.pdx30","ear04.pdx30"
"mwh01-0100-0002-01sw","mwh01-0100-0003-01sw"
"ibr03.mwh01","icr04.mwh01"
"icr05.mwh01","mwh01-0100-0001-01sw"
"ibr02.pdx30","ear04.pdx30"
"ibr01.mwh01","icr01.mwh01"
"pdx30-0100-0002-01sw","mwh01-0100-0004-01sw"
"icr06.mwh01","ibr01.mwh01"
"mwh01-0100-0001-01sw","mwh01-0100-0004-01sw"
"ibr03.mwh01","icr03.mwh01"
"ibr03.mwh01","ibr01.pdx30"
"icr05.mwh01","mwh01-0100-0002-01sw"
"mwh01-0100-0002-01sw","icr02.mwh01"
"icr03.mwh01","mwh01-0100-0003-01sw"
"mwh01-0100-0001-01sw","icr01.mwh01"
"ibr01.mwh01","icr01.mwh01"
"ibr03.mwh01","ibr01.pdx30"
"ibr04.mwh01","ibr02.pdx30"
"icr06.mwh01","ibr01.mwh01"
"ibr01.pdx30","ibr02.pdx30"
"ibr01.pdx30","ibr02.pdx30"
"ibr04.mwh01","ibr02.pdx30"
"icr03.mwh01","mwh01-0100-0004-01sw"
"ibr03.mwh01","icr03.mwh01"
"mwh01-0100-0002-01sw","icr01.mwh01"
"ibr01.pdx30","ear04.pdx30"
"icr08.mwh01","mwh01-0100-0004-01sw"
"icr03.mwh01","mwh01-0100-0003-01sw"
"mwh01-0100-0002-01sw","mwh01-0100-0003-01sw"
"pdx30-0100-0002-01sw","mwh01-0100-0004-01sw"
"mwh01-0100-0004-01sw","pdx30-0100-0002-01sw"
"ibr01.pdx30","ibr03.mwh01"
"ibr02.pdx30","ibr04.mwh01"
"mwh01-0100-0003-01sw","pdx30-0100-0001-01sw"
"ibr01.mwh01","icr02.mwh01"
"icr07.mwh01","ibr03.mwh01"
"icr04.mwh01","mwh01-0100-0003-01sw"
"ibr01.mwh01","ibr02.mwh01"
"icr05.mwh01","mwh01-0100-0001-01sw"
"icr05.mwh01","mwh01-0100-0001-01sw"
"ibr04.mwh01","ibr01.mwh01"
"icr05.mwh01","ibr01.mwh01"
"mwh01-0100-0003-01sw","pdx30-0100-0001-01sw"
"ibr02.pdx30","ear04.pdx30"
"ibr01.pdx30","ear03.pdx30"
"ibr03.mwh01","ibr01.pdx30"
"mwh01-0100-0003-01sw","mwh01-0100-0004-01sw"
"mwh01-0100-0003-01sw","pdx30-0100-0001-01sw"
"ibr01.pdx30","ibr02.pdx30"
"ibr04.mwh01","ibr02.pdx30"
"ibr02.mwh01","icr02.mwh01"
"ibr02.mwh01","icr01.mwh01"
"pdx30-0100-0002-01sw","mwh01-0100-0004-01sw"
"ibr03.mwh01","ibr04.mwh01"
"mwh01-0100-0003-01sw","mwh01-0100-0004-01sw"
"ibr01.pdx30","ear03.pdx30"
"icr04.mwh01","mwh01-0100-0003-01sw"
"mwh01-0100-0002-01sw","icr01.mwh01"
"ibr04.mwh01","icr04.mwh01"
"ibr02.mwh01","icr01.mwh01"
"ibr04.mwh01","ibr02.pdx30"
"pdx30-0100-0002-01sw","mwh01-0100-0004-01sw"
"ibr02.mwh01","ibr03.mwh01"
"ibr04.mwh01","ibr02.pdx30"
"icr04.mwh01","mwh01-0100-0003-01sw"
"ibr03.mwh01","ibr01.pdx30"
"ibr01.pdx30","ear03.pdx30"
"ibr04.mwh01","icr04.mwh01"
"ibr01.pdx30","ear04.pdx30"
"mwh01-0100-0002-01sw","icr02.mwh01"
"icr05.mwh01","ibr02.mwh01"
"icr08.mwh01","ibr04.mwh01"
"ibr04.mwh01","ibr02.pdx30"
"ibr03.mwh01","ibr04.mwh01"
"mwh01-0100-0003-01sw","mwh01-0100-0004-01sw"
"ibr04.mwh01","ibr02.pdx30"
"icr07.mwh01","mwh01-0100-0003-01sw"
"ibr03.mwh01","ibr01.pdx30"
"ibr02.mwh01","ibr03.mwh01"
"icr07.mwh01","mwh01-0100-0004-01sw"
"icr08.mwh01","ibr04.mwh01"
"ibr03.mwh01","ibr01.pdx30"
"ibr01.pdx30","ear04.pdx30"
"icr07.mwh01","mwh01-0100-0003-01sw"
"mwh01-0100-0001-01sw","icr02.mwh01"
"mwh01-0100-0003-01sw","pdx30-0100-0001-01sw"
"mwh01-0100-0003-01sw","pdx30-0100-0001-01sw"
"ibr03.mwh01","ibr01.pdx30"
"icr08.mwh01","ibr03.mwh01"
"mwh01-0100-0004-01sw","pdx30-0100-0002-01sw"
"ibr04.mwh01","ibr02.pdx30"
"icr08.mwh01","mwh01-0100-0003-01sw"
"mwh01-0100-0002-01sw","icr01.mwh01"
"icr05.mwh01","ibr02.mwh01"
"ibr04.mwh01","icr03.mwh01"
"ibr02.pdx30","ear04.pdx30"
"icr05.mwh01","mwh01-0100-0002-01sw"
"icr03.mwh01","mwh01-0100-0004-01sw"
"mwh01-0100-0003-01sw","pdx30-0100-0001-01sw"
"ibr01.pdx30","ear03.pdx30"
"icr05.mwh01","mwh01-0100-0002-01sw"
"mwh01-0100-0003-01sw","pdx30-0100-0001-01sw"
"ibr02.pdx30","ear03.pdx30"
"ibr04.mwh01","icr03.mwh01"
"pdx30-0100-0001-01sw","pdx30-0100-0002-01sw"
"icr07.mwh01","mwh01-0100-0004-01sw"
"ibr02.mwh01","icr01.mwh01"
"mwh01-0100-0001-01sw","icr01.mwh01"
"ibr03.mwh01","ibr01.pdx30"
"ibr02.mwh01","ibr03.mwh01"
"icr05.mwh01","ibr01.mwh01"
"ibr03.mwh01","ibr04.mwh01"
"icr05.mwh01","ibr01.mwh01"
"ibr01.mwh01","ibr02.mwh01"
"icr08.mwh01","ibr04.mwh01"
"pdx30-0100-0001-01sw","pdx30-0100-0002-01sw"
"mwh01-0100-0003-01sw","pdx30-0100-0001-01sw"
"pdx30-0100-0002-01sw","mwh01-0100-0004-01sw"
"icr05.mwh01","ibr01.mwh01"
"ibr03.mwh01","ibr01.pdx30"
"ibr01.mwh01","icr01.mwh01"
"icr06.mwh01","mwh01-0100-0001-01sw"
"icr06.mwh01","ibr01.mwh01"
"ibr03.mwh01","icr04.mwh01"
"mwh01-0100-0004-01sw","pdx30-0100-0002-01sw"
"mwh01-0100-0002-01sw","icr01.mwh01"
"ibr04.mwh01","ibr02.pdx30"
"mwh01-0100-0002-01sw","mwh01-0100-0003-01sw"
"ibr03.mwh01","ibr01.pdx30"
"ibr03.mwh01","icr03.mwh01"
"icr05.mwh01","mwh01-0100-0002-01sw"
"mwh01-0100-0001-01sw","mwh01-0100-0002-01sw"
"ibr01.pdx30","ibr02.pdx30"
"ibr04.mwh01","ibr02.pdx30"
"ibr02.mwh01","icr01.mwh01"
"ibr04.mwh01","ibr01.mwh01"
"ibr01.pdx30","ear04.pdx30"
"ibr04.mwh01","icr04.mwh01"
"ibr03.mwh01","ibr04.mwh01"
"ibr02.mwh01","ibr03.mwh01"
"ibr01.pdx30","ibr03.mwh01"
"pdx30-0100-0002-01sw","mwh01-0100-0004-01sw"
"ibr03.mwh01","ibr04.mwh01"
"mwh01-0100-0001-01sw","icr02.mwh01"
"ibr01.mwh01","icr02.mwh01"
"icr07.mwh01","mwh01-0100-0004-01sw"
"mwh01-0100-0003-01sw","pdx30-0100-0001-01sw"
"mwh01-0100-0003-01sw","pdx30-0100-0001-01sw"
"mwh01-0100-0003-01sw","pdx30-0100-0001-01sw"
"ibr01.pdx30","ear03.pdx30"
"icr07.mwh01","mwh01-0100-0003-01sw"
"pdx30-0100-0002-01sw","mwh01-0100-0004-01sw"
"ibr03.mwh01","icr04.mwh01"
"ibr02.pdx30","ear03.pdx30"
"ibr01.mwh01","ibr02.mwh01"
"icr05.mwh01","mwh01-0100-0002-01sw"
"ibr02.pdx30","ear03.pdx30"
"icr07.mwh01","mwh01-0100-0004-01sw"
"mwh01-0100-0002-01sw","icr01.mwh01"
"icr07.mwh01","ibr04.mwh01"
"ibr04.mwh01","ibr02.pdx30"
"icr06.mwh01","ibr01.mwh01"
"mwh01-0100-0003-01sw","pdx30-0100-0001-01sw"
"mwh01-0100-0004-01sw","pdx30-0100-0002-01sw"
"ibr02.mwh01","icr01.mwh01"
"mwh01-0100-0002-01sw","mwh01-0100-0003-01sw"
"icr05.mwh01","mwh01-0100-0002-01sw"
"icr04.mwh01","mwh01-0100-0004-01sw"
"ibr02.mwh01","ibr03.mwh01"
"mwh01-0100-0004-01sw","pdx30-0100-0002-01sw"
"ibr03.mwh01","ibr01.pdx30"
"ibr01.mwh01","icr01.mwh01"
"icr07.mwh01","ibr03.mwh01"
"pdx30-0100-0002-01sw","mwh01-0100-0004-01sw"
"icr08.mwh01","ibr04.mwh01"
"ibr02.mwh01","icr01.mwh01"
"icr04.mwh01","mwh01-0100-0003-01sw"
"ibr04.mwh01","icr04.mwh01"
"ibr02.pdx30","ibr04.mwh01"
"ibr04.mwh01","ibr01.mwh01"
"icr07.mwh01","mwh01-0100-0004-01sw"
"icr05.mwh01","ibr01.mwh01"
"icr05.mwh01","ibr02.mwh01"
"mwh01-0100-0002-01sw","mwh01-0100-0003-01sw"
"ibr02.mwh01","icr02.mwh01"
"mwh01-0100-0004-01sw","pdx30-0100-0002-01sw"
"mwh01-0100-0002-01sw","icr02.mwh01"
"ibr03.mwh01","ibr01.pdx30"
"icr08.mwh01","mwh01-0100-0004-01sw"
"mwh01-0100-0004-01sw","pdx30-0100-0002-01sw"
"ibr02.pdx30","ear04.pdx30"
"icr06.mwh01","ibr01.mwh01"
"ibr01.mwh01","icr01.mwh01"
"icr07.mwh01","ibr03.mwh01"
"icr06.mwh01","mwh01-0100-0002-01sw"
"mwh01-0100-0001-01sw","icr01.mwh01"
"icr06.mwh01","mwh01-0100-0002-01sw"
"icr05.mwh01","ibr02.mwh01"
"mwh01-0100-0001-01sw","mwh01-0100-0004-01sw"
"ibr01.mwh01","icr02.mwh01"
"mwh01-0100-0004-01sw","pdx30-0100-0002-01sw"
"ibr02.mwh01","ibr03.mwh01"
"icr03.mwh01","mwh01-0100-0004-01sw"
"mwh01-0100-0001-01sw","mwh01-0100-0004-01sw"
"ibr04.mwh01","ibr02.pdx30"
"ibr02.pdx30","ear04.pdx30"
"ibr04.mwh01","ibr02.pdx30"
"mwh01-0100-0004-01sw","pdx30-0100-0002-01sw"
"icr04.mwh01","mwh01-0100-0003-01sw"
"mwh01-0100-0003-01sw","pdx30-0100-0001-01sw"
"mwh01-0100-0002-01sw","icr02.mwh01"
"ibr02.pdx30","ear04.pdx30"
"icr07.mwh01","ibr03.mwh01"
"ibr03.mwh01","ibr04.mwh01"
"icr08.mwh01","mwh01-0100-0004-01sw"
"ibr04.mwh01","icr03.mwh01"
"ibr01.mwh01","icr02.mwh01"
"ibr01.mwh01","icr01.mwh01"
"pdx30-0100-0002-01sw","mwh01-0100-0004-01sw"
"ibr04.mwh01","icr04.mwh01"
"mwh01-0100-0004-01sw","pdx30-0100-0002-01sw"
"icr04.mwh01","mwh01-0100-0003-01sw"
"ibr02.pdx30","ear04.pdx30"
"ibr04.mwh01","ibr02.pdx30"
"ibr03.mwh01","icr04.mwh01"
"ibr01.pdx30","ibr02.pdx30"
"icr04.mwh01","mwh01-0100-0003-01sw"
"icr03.mwh01","mwh01-0100-0003-01sw"
"ibr02.pdx30","ear03.pdx30"
"ibr01.mwh01","ibr02.mwh01"
"ibr04.mwh01","ibr02.pdx30"
"ibr04.mwh01","icr04.mwh01"
"icr05.mwh01","ibr01.mwh01"
"ibr01.pdx30","ibr03.mwh01"
"mwh01-0100-0003-01sw","pdx30-0100-0001-01sw"
"ibr01.pdx30","ear04.pdx30"
"ibr04.mwh01","icr03.mwh01"
"pdx30-0100-0001-01sw","pdx30-0100-0002-01sw"
"pdx30-0100-0002-01sw","mwh01-0100-0004-01sw"
"ibr01.pdx30","ear03.pdx30"
"ibr03.mwh01","icr04.mwh01"
"ibr02.pdx30","ear04.pdx30"
"mwh01-0100-0001-01sw","icr02.mwh01"
"ibr01.mwh01","ibr02.mwh01"
"ibr04.mwh01","ibr01.mwh01"
"ibr01.mwh01","icr02.mwh01"
"ibr02.pdx30","ear03.pdx30"
"mwh01-0100-0001-01sw","icr02.mwh01"
"mwh01-0100-0001-01sw","icr01.mwh01"
"icr08.mwh01","mwh01-0100-0003-01sw"
"ibr01.mwh01","icr02.mwh01"
"icr07.mwh01","ibr03.mwh01"
"ibr01.pdx30","ibr03.mwh01"
"icr06.mwh01","ibr01.mwh01"
"ibr02.mwh01","ibr03.mwh01"
"icr06.mwh01","ibr02.mwh01"
"icr05.mwh01","mwh01-0100-0001-01sw"
"icr06.mwh01","ibr02.mwh01"
"ibr04.mwh01","ibr02.pdx30"
"mwh01-0100-0002-01sw","mwh01-0100-0003-01sw"
"ibr04.mwh01","ibr02.pdx30"
"mwh01-0100-0001-01sw","icr01.mwh01"
"ibr01.mwh01","ibr02.mwh01"
"icr06.mwh01","ibr02.mwh01"
"ibr02.mwh01","icr02.mwh01"
"icr03.mwh01","mwh01-0100-0003-01sw"
"ibr01.mwh01","icr01.mwh01"
"icr06.mwh01","mwh01-0100-0002-01sw"
"icr07.mwh01","mwh01-0100-0003-01sw"
"icr07.mwh01","mwh01-0100-0004-01sw"
"mwh01-0100-0001-01sw","icr02.mwh01"
"icr05.mwh01","ibr02.mwh01"
"icr04.mwh01","mwh01-0100-0004-01sw"
"mwh01-0100-0003-01sw","pdx30-0100-0001-01sw"
"mwh01-0100-0003-01sw","mwh01-0100-0004-01sw"
"ibr03.mwh01","icr03.mwh01"
"icr05.mwh01","ibr02.mwh01"
"ibr03.mwh01","ibr01.pdx30"
"pdx30-0100-0002-01sw","mwh01-0100-0004-01sw"
"icr06.mwh01","mwh01-0100-0002-01sw"
"ibr01.pdx30","ear04.pdx30"
"ibr03.mwh01","ibr01.pdx30"
"ibr03.mwh01","ibr01.pdx30"
"mwh01-0100-0003-01sw","pdx30-0100-0001-01sw"
"icr08.mwh01","mwh01-0100-0004-01sw"
"icr05.mwh01","mwh01-0100-0002-01sw"
"ibr01.pdx30","ibr03.mwh01"
"icr08.mwh01","ibr03.mwh01"
"ibr04.mwh01","icr03.mwh01"
"pdx30-0100-0002-01sw","mwh01-0100-0004-01sw"
"ibr02.pdx30","ear03.pdx30"
"ibr02.pdx30","ibr04.mwh01"
"ibr01.pdx30","ibr02.pdx30"
"ibr01.pdx30","ear04.pdx30"
"icr07.mwh01","ibr03.mwh01"
"ibr01.pdx30","ibr02.pdx30"
"icr08.mwh01","mwh01-0100-0003-01sw"
"mwh01-0100-0001-01sw","icr02.mwh01"
"icr08.mwh01","ibr03.mwh01"
"mwh01-0100-0001-01sw","mwh01-0100-0002-01sw"
"mwh01-0100-0001-01sw","mwh01-0100-0002-01sw"
"icr06.mwh01","mwh01-0100-0001-01sw"
"ibr01.pdx30","ibr02.pdx30"
"ibr04.mwh01","ibr02.pdx30"
"ibr03.mwh01","ibr04.mwh01"
"ibr02.pdx30","ibr04.mwh01"
"pdx30-0100-0002-01sw","mwh01-0100-0004-01sw"
"icr07.mwh01","ibr04.mwh01"
"mwh01-0100-0004-01sw","pdx30-0100-0002-01sw"
"icr08.mwh01","ibr03.mwh01"
"ibr02.pdx30","ear03.pdx30"
"mwh01-0100-0001-01sw","icr01.mwh01"
"icr06.mwh01","mwh01-0100-0001-01sw"
"pdx30-0100-0002-01sw","mwh01-0100-0004-01sw"
"ibr03.mwh01","ibr01.pdx30"
"mwh01-0100-0003-01sw","pdx30-0100-0001-01sw"
"icr08.mwh01","ibr03.mwh01"
"mwh01-0100-0003-01sw","pdx30-0100-0001-01sw"
"ibr01.pdx30","ear04.pdx30"
"mwh01-0100-0004-01sw","pdx30-0100-0002-01sw"
"icr08.mwh01","mwh01-0100-0004-01sw"
"ibr03.mwh01","icr03.mwh01"
"ibr04.mwh01","icr03.mwh01"
"icr07.mwh01","mwh01-0100-0003-01sw"
"ibr04.mwh01","ibr02.pdx30"
"mwh01-0100-0004-01sw","pdx30-0100-0002-01sw"
"ibr01.pdx30","ear04.pdx30"
"icr06.mwh01","ibr02.mwh01"
"ibr03.mwh01","icr03.mwh01"
"icr05.mwh01","ibr01.mwh01"
"mwh01-0100-0003-01sw","mwh01-0100-0004-01sw"
"icr07.mwh01","ibr04.mwh01"
"mwh01-0100-0001-01sw","mwh01-0100-0004-01sw"
"mwh01-0100-0003-01sw","pdx30-0100-0001-01sw"
"ibr03.mwh01","ibr01.pdx30"
"ibr01.pdx30","ear03.pdx30"
"mwh01-0100-0001-01sw","icr01.mwh01"
"ibr04.mwh01","ibr01.mwh01"
"mwh01-0100-0004-01sw","pdx30-0100-0002-01sw"
"ibr04.mwh01","icr04.mwh01"
"mwh01-0100-0003-01sw","pdx30-0100-0001-01sw"
"ibr03.mwh01","icr04.mwh01"
"ibr01.mwh01","icr01.mwh01"
"ibr04.mwh01","ibr01.mwh01"
"ibr01.pdx30","ear04.pdx30"
"ibr04.mwh01","ibr01.mwh01"
"ibr03.mwh01","ibr04.mwh01"
"mwh01-0100-0001-01sw","mwh01-0100-0002-01sw"
"icr07.mwh01","ibr03.mwh01"
"mwh01-0100-0002-01sw","icr01.mwh01"
"icr05.mwh01","mwh01-0100-0002-01sw"
"icr06.mwh01","ibr02.mwh01"
"ibr01.mwh01","icr02.mwh01"
"mwh01-0100-0002-01sw","mwh01-0100-0003-01sw"
"mwh01-0100-0002-01sw","mwh01-0100-0003-01sw"
"icr04.mwh01","mwh01-0100-0004-01sw"
"icr06.mwh01","ibr01.mwh01"
"icr03.mwh01","mwh01-0100-0004-01sw"
"ibr02.pdx30","ear03.pdx30"
"ibr04.mwh01","icr03.mwh01"
"mwh01-0100-0002-01sw","icr02.mwh01"
"ibr01.mwh01","ibr02.mwh01"
"ibr04.mwh01","ibr01.mwh01"
"mwh01-0100-0003-01sw","mwh01-0100-0004-01sw"
"icr06.mwh01","mwh01-0100-0001-01sw"
"mwh01-0100-0003-01sw","pdx30-0100-0001-01sw"
"icr07.mwh01","ibr04.mwh01"
"mwh01-0100-0002-01sw","icr02.mwh01"
"pdx30-0100-0002-01sw","mwh01-0100-0004-01sw"
"mwh01-0100-0004-01sw","pdx30-0100-0002-01sw"
"icr04.mwh01","mwh01-0100-0004-01sw"
"mwh01-0100-0002-01sw","icr02.mwh01"
"icr05.mwh01","ibr01.mwh01"
"mwh01-0100-0003-01sw","mwh01-0100-0004-01sw"
"ibr02.pdx30","ear04.pdx30"
"ibr02.pdx30","ear03.pdx30"
"pdx30-0100-0002-01sw","mwh01-0100-0004-01sw"
"mwh01-0100-0001-01sw","mwh01-0100-0004-01sw"
"ibr01.pdx30","ibr03.mwh01"
"ibr01.pdx30","ear03.pdx30"
"icr06.mwh01","ibr02.mwh01"
"mwh01-0100-0001-01sw","icr02.mwh01"
"ibr02.mwh01","icr01.mwh01"
"mwh01-0100-0003-01sw","pdx30-0100-0001-01sw"
"ibr03.mwh01","ibr01.pdx30"
"mwh01-0100-0001-01sw","mwh01-0100-0002-01sw"
"ibr03.mwh01","ibr01.pdx30"
"mwh01-0100-0003-01sw","pdx30-0100-0001-01sw"
"ibr01.pdx30","ibr02.pdx30"
"ibr02.pdx30","ibr04.mwh01"
"mwh01-0100-0001-01sw","mwh01-0100-0004-01sw"
"icr06.mwh01","ibr02.mwh01"
"icr04.mwh01","mwh01-0100-0003-01sw"
"icr03.mwh01","mwh01-0100-0003-01sw"
"icr07.mwh01","ibr04.mwh01"
"mwh01-0100-0003-01sw","mwh01-0100-0004-01sw"
"ibr01.pdx30","ibr03.mwh01"
"icr08.mwh01","mwh01-0100-0003-01sw"
"ibr03.mwh01","icr04.mwh01"
"mwh01-0100-0002-01sw","mwh01-0100-0003-01sw"
"mwh01-0100-0004-01sw","pdx30-0100-0002-01sw"
"icr07.mwh01","mwh01-0100-0003-01sw"
"ibr01.pdx30","ibr03.mwh01"
"icr03.mwh01","mwh01-0100-0004-01sw"
"icr07.mwh01","ibr04.mwh01"
"ibr03.mwh01","ibr01.pdx30"
"ibr03.mwh01","ibr01.pdx30"
"icr05.mwh01","ibr02.mwh01"
"icr06.mwh01","mwh01-0100-0001-01sw"
"ibr03.mwh01","ibr01.pdx30"
"ibr03.mwh01","ibr04.mwh01"
"ibr01.mwh01","ibr02.mwh01"
"mwh01-0100-0003-01sw","pdx30-0100-0001-01sw"
"icr05.mwh01","mwh01-0100-0001-01sw"
"ibr04.mwh01","ibr02.pdx30"
"icr04.mwh01","mwh01-0100-0004-01sw"
"ibr03.mwh01","ibr01.pdx30"
"icr08.mwh01","ibr04.mwh01"
"icr05.mwh01","mwh01-0100-0001-01sw"
"ibr03.mwh01","ibr01.pdx30"
"ibr01.mwh01","ibr02.mwh01"
"icr06.mwh01","mwh01-0100-0001-01sw"
"ibr03.mwh01","icr03.mwh01"
"ibr03.mwh01","icr04.mwh01"
"ibr01.pdx30","ear03.pdx30"
"ibr04.mwh01","ibr02.pdx30"
"ibr01.mwh01","icr02.mwh01"
"icr06.mwh01","mwh01-0100-0002-01sw"
"mwh01-0100-0001-01sw","mwh01-0100-0004-01sw"
"mwh01-0100-0004-01sw","pdx30-0100-0002-01sw"
"icr06.mwh01","mwh01-0100-0002-01sw"
"mwh01-0100-0002-01sw","mwh01-0100-0003-01sw"
"icr04.mwh01","mwh01-0100-0004-01sw"
"ibr02.mwh01","icr02.mwh01"
"mwh01-0100-0002-01sw","mwh01-0100-0003-01sw"
"icr03.mwh01","mwh01-0100-0003-01sw"
"mwh01-0100-0004-01sw","pdx30-0100-0002-01sw"
"mwh01-0100-0001-01sw","mwh01-0100-0002-01sw"
"ibr02.mwh01","ibr03.mwh01"
"ibr01.pdx30","ibr02.pdx30"
"icr03.mwh01","mwh01-0100-0003-01sw"
"ibr02.mwh01","ibr03.mwh01"
"ibr02.pdx30","ear03.pdx30"
"icr04.mwh01","mwh01-0100-0004-01sw"
"icr07.mwh01","mwh01-0100-0004-01sw"
"icr06.mwh01","mwh01-0100-0001-01sw"
"mwh01-0100-0003-01sw","pdx30-0100-0001-01sw"
"mwh01-0100-0001-01sw","mwh01-0100-0004-01sw"
"mwh01-0100-0003-01sw","pdx30-0100-0001-01sw"
"mwh01-0100-0003-01sw","pdx30-0100-0001-01sw"
"pdx30-0100-0001-01sw","pdx30-0100-0002-01sw"
"mwh01-0100-0003-01sw","pdx30-0100-0001-01sw"
"ibr02.mwh01","icr02.mwh01"
"mwh01-0100-0001-01sw","mwh01-0100-0004-01sw"
"ibr02.pdx30","ibr04.mwh01"
"icr08.mwh01","mwh01-0100-0004-01sw"
"icr08.mwh01","mwh01-0100-0003-01sw"
"ibr02.mwh01","icr02.mwh01"
"mwh01-0100-0004-01sw","pdx30-0100-0002-01sw"
"mwh01-0100-0004-01sw","pdx30-0100-0002-01sw"
"icr08.mwh01","ibr03.mwh01"
"mwh01-0100-0002-01sw","icr01.mwh01"
"mwh01-0100-0003-01sw","pdx30-0100-0001-01sw"
"mwh01-0100-0001-01sw","mwh01-0100-0004-01sw"
"ibr02.mwh01","icr02.mwh01"
"mwh01-0100-0003-01sw","mwh01-0100-0004-01sw"
"icr07.mwh01","ibr04.mwh01"
"ibr03.mwh01","ibr04.mwh01"
"icr03.mwh01","mwh01-0100-0004-01sw"
"ibr02.pdx30","ear04.pdx30"
"icr05.mwh01","mwh01-0100-0001-01sw"
"pdx30-0100-0002-01sw","mwh01-0100-0004-01sw"
"icr08.mwh01","ibr04.mwh01"
"ibr01.pdx30","ear03.pdx30"
"ibr01.mwh01","ibr02.mwh01"
"ibr03.mwh01","ibr01.pdx30"